date,crop_name,region,district,market_arrival,price_per_quintal,weather_temp,rainfall_mm,humidity_pct,season,festival_flag,holiday_flag,fuel_price,transport_cost,crop_yield,shelf_life_days,demand_estimate,supply_gap,spoilage_risk,crop
2025-04-24,Rice,Andhra Pradesh,Visakhapatnam,139.02,9899.36,37.5,19.0,47.0,Summer,0,0,101.17,388.1,1503,365,1515,-1375.98,0,Vegetables
2024-10-19,Potato,Telangana,Warangal,63.64,13511.08,30.5,53.0,67.2,Kharif,0,0,99.54,407.3,5000,60,1270,-1206.36,0,Cotton
2025-06-13,Rice,Maharashtra,Pune,15.71,23073.64,32.1,85.9,73.2,Summer,0,0,105.27,406.4,3099,365,924,-908.29,0,Watermelon
2025-03-30,Turmeric,Andhra Pradesh,Vijayawada,30.43,22978.59,20.8,38.0,63.8,Summer,1,1,105.78,417.6,3779,365,1797,-1766.57,0,Cucumber
2024-07-18,Potato,Telangana,Nizamabad,144.16,10741.53,29.7,109.1,56.4,Kharif,0,0,108.01,421.3,5000,60,1816,-1671.84,0,Maize
2025-04-05,Tomato,Maharashtra,Nashik,221.56,6933.03,44.6,15.5,53.2,Summer,0,0,107.69,450.7,5000,5,1232,-1010.44,1,Watermelon
2025-06-02,Brinjal,Tamil Nadu,Coimbatore,345.56,5829.65,33.4,68.8,88.1,Summer,0,0,95.85,380.8,5000,5,1348,-1002.44,1,Watermelon
2025-01-16,Cabbage,Karnataka,Bengaluru Urban,24.43,19221.16,20.1,32.6,54.7,Rabi,0,0,104.04,453.6,5000,7,1005,-980.57,0,Barley
2025-06-24,Onion,Tamil Nadu,Madurai,121.64,8803.29,40.1,132.2,68.2,Summer,0,0,89.4,360.9,5000,30,1005,-883.36,0,Cucumber
2024-10-21,Onion,Telangana,Karimnagar,94.92,10457.71,29.7,148.4,85.4,Kharif,0,0,100.35,440.6,5000,30,1106,-1011.08,0,Rice
2024-07-23,Rice,Tamil Nadu,Chennai,65.97,12851.52,28.4,39.4,56.3,Kharif,0,0,102.0,405.3,3005,365,1208,-1142.03,0,Rice
2024-12-01,Chilli,Maharashtra,Nagpur,243.4,7210.88,22.7,3.1,40.1,Rabi,0,1,91.55,424.1,2183,180,1444,-1200.6,0,Chickpea
2024-06-23,Maize,Maharashtra,Pune,44.96,16008.66,39.3,53.6,90.7,Summer,0,1,99.87,442.2,4436,180,1270,-1225.04,0,Vegetables
2024-12-11,Rice,Maharashtra,Nagpur,73.34,13140.96,29.8,34.4,30.2,Rabi,0,0,99.24,404.9,1914,365,1376,-1302.66,0,Chickpea
2025-04-18,Cabbage,Karnataka,Hassan,73.13,13635.77,44.3,6.5,40.6,Summer,0,0,103.47,414.9,5000,7,1479,-1405.87,1,Cucumber
2024-09-07,Rice,Andhra Pradesh,Visakhapatnam,125.49,8731.8,28.7,70.2,91.3,Kharif,0,0,93.27,359.5,3286,365,1080,-954.51,0,Groundnut
2024-09-25,Wheat,Andhra Pradesh,Guntur,98.05,14999.27,31.3,151.1,69.7,Kharif,0,0,101.91,433.7,923,365,2402,-2303.95,0,Groundnut
2024-07-22,Turmeric,Karnataka,Tumakuru,86.18,11377.71,28.6,126.4,82.1,Kharif,0,0,88.36,375.3,4922,365,1225,-1138.82,0,Cotton
2025-04-22,Chilli,Telangana,Karimnagar,181.72,8695.47,41.3,7.7,53.1,Summer,0,0,91.03,369.3,1511,180,1467,-1285.28,0,Vegetables
2024-11-29,Potato,Karnataka,Bengaluru Urban,174.51,6707.82,26.4,9.7,33.3,Rabi,0,0,107.74,478.1,5000,60,859,-684.49,0,Chickpea
2025-04-08,Onion,Maharashtra,Nashik,6.94,39572.24,41.7,17.9,51.6,Summer,0,0,105.16,445.8,5000,30,1215,-1208.06,0,Cucumber
2024-08-23,Maize,Tamil Nadu,Madurai,85.39,11621.2,28.1,48.9,76.9,Kharif,0,0,103.22,439.9,3859,180,1240,-1154.61,0,Groundnut
2025-04-24,Brinjal,Telangana,Karimnagar,132.77,9781.97,36.9,14.9,44.5,Summer,0,0,106.68,452.6,5000,5,1411,-1278.23,1,Watermelon
2025-06-29,Tomato,Telangana,Hyderabad,168.61,9616.84,41.6,90.8,90.7,Summer,0,1,101.89,448.1,5000,5,1675,-1506.39,1,Vegetables
2024-11-09,Turmeric,Karnataka,Bengaluru Urban,261.15,6232.51,22.3,28.9,39.8,Rabi,0,0,88.53,387.9,4383,365,1193,-931.85,0,Wheat
2024-09-17,Cabbage,Karnataka,Bengaluru Rural,218.74,8821.65,39.9,77.0,61.8,Kharif,0,0,100.25,455.1,5000,7,1973,-1754.26,1,Maize
2025-05-02,Maize,Tamil Nadu,Salem,193.13,7662.29,40.4,19.8,29.2,Summer,0,0,99.4,446.9,2823,180,1168,-974.87,0,Cucumber
2024-08-13,Wheat,Telangana,Warangal,59.65,19903.61,39.3,165.8,89.7,Kharif,0,0,108.09,444.3,1071,365,2602,-2542.35,0,Groundnut
2025-06-17,Brinjal,Maharashtra,Nagpur,17.16,26157.8,37.8,163.2,90.6,Summer,0,0,95.44,387.8,5000,5,1321,-1303.84,1,Watermelon
2025-06-18,Cabbage,Tamil Nadu,Tiruppur,115.71,13330.03,32.0,126.3,56.2,Summer,0,0,88.82,404.9,5000,7,2266,-2150.29,0,Cucumber
2024-12-22,Chilli,Telangana,Warangal,135.13,7890.11,29.2,8.6,51.8,Rabi,0,1,89.88,339.2,2369,180,952,-816.87,0,Wheat
2025-02-16,Maize,Andhra Pradesh,Vijayawada,260.08,7126.35,29.5,10.8,45.4,Rabi,0,1,89.73,336.3,3327,180,1449,-1188.92,0,Mustard
2024-07-27,Onion,Telangana,Khammam,55.18,14188.91,33.7,51.2,61.3,Kharif,0,0,93.51,396.7,5000,30,1220,-1164.82,0,Rice
2025-04-02,Rice,Tamil Nadu,Salem,25.51,22841.08,38.0,5.0,35.7,Summer,0,0,104.67,387.6,1361,365,1506,-1480.49,0,Watermelon
2025-04-02,Maize,Maharashtra,Nagpur,169.87,9344.9,38.7,2.0,39.7,Summer,0,0,98.42,380.1,1995,180,1656,-1486.13,0,Vegetables
2025-03-11,Tomato,Andhra Pradesh,Visakhapatnam,53.07,14082.86,24.5,25.0,47.6,Summer,0,0,106.84,453.2,5000,5,1130,-1076.93,0,Cucumber
2025-03-02,Wheat,Karnataka,Bengaluru Urban,174.25,8042.49,20.3,23.4,62.9,Summer,0,1,100.66,407.2,5000,365,1223,-1048.75,0,Vegetables
2024-10-29,Turmeric,Telangana,Khammam,8.72,32507.93,41.5,183.0,62.8,Kharif,0,0,89.53,342.4,5000,365,1032,-1023.28,0,Maize
2024-06-02,Wheat,Maharashtra,Nashik,82.11,16946.71,29.0,77.4,88.8,Summer,0,1,88.51,403.1,793,365,2585,-2502.89,0,Vegetables
2025-02-15,Rice,Karnataka,Hassan,194.41,7683.32,28.8,32.1,39.9,Rabi,0,0,91.9,409.2,1995,365,1285,-1090.59,0,Mustard
2025-04-08,Potato,Telangana,Karimnagar,136.55,9059.97,37.5,15.5,35.2,Summer,0,0,108.48,476.9,5000,60,1212,-1075.45,0,Vegetables
2025-06-26,Onion,Maharashtra,Solapur,28.74,19713.38,32.5,181.2,70.6,Summer,0,0,88.24,410.3,5000,30,1229,-1200.26,0,Cucumber
2024-06-01,Cabbage,Karnataka,Tumakuru,181.56,7672.34,41.3,123.2,80.3,Summer,0,0,97.87,388.9,5000,7,1119,-937.44,1,Watermelon
2024-06-10,Rice,Karnataka,Mysuru,224.17,6417.58,29.3,109.0,57.3,Summer,0,0,100.09,410.1,2794,365,1077,-852.83,0,Cucumber
2024-10-01,Tomato,Telangana,Nizamabad,272.19,6468.11,30.0,157.1,79.7,Kharif,0,0,90.22,343.3,5000,5,1197,-924.81,0,Cotton
2024-07-11,Rice,Tamil Nadu,Chennai,238.93,6637.12,29.2,197.6,70.0,Kharif,0,0,96.15,429.7,2820,365,1105,-866.0699999999999,0,Cotton
2025-06-25,Brinjal,Telangana,Warangal,157.58,8432.49,38.9,120.5,72.0,Summer,0,0,107.94,407.8,5000,5,1243,-1085.42,1,Cucumber
2025-05-04,Maize,Maharashtra,Nashik,237.73,8006.95,42.0,11.7,53.9,Summer,0,1,96.25,382.6,2528,180,1631,-1393.27,0,Vegetables
2024-10-14,Brinjal,Maharashtra,Aurangabad,209.14,7531.19,29.0,119.7,93.8,Kharif,0,0,99.51,424.9,5000,5,1312,-1102.86,1,Maize
2024-09-17,Brinjal,Telangana,Karimnagar,206.73,6755.44,28.6,70.6,93.0,Kharif,0,0,107.59,437.6,5000,5,1086,-879.27,1,Rice
2024-12-22,Chilli,Tamil Nadu,Tiruppur,318.59,6498.29,25.6,14.1,50.4,Rabi,0,1,89.71,421.7,2072,180,1591,-1272.41,0,Mustard
2025-01-18,Rice,Telangana,Warangal,102.71,10186.76,30.9,32.9,63.2,Rabi,0,0,103.97,439.1,2295,365,1223,-1120.29,0,Mustard
2024-07-03,Chilli,Andhra Pradesh,Nellore,157.59,7450.41,41.8,47.1,78.8,Kharif,0,0,96.38,444.6,2256,180,1007,-849.41,0,Rice
2025-03-11,Potato,Maharashtra,Nashik,219.51,7101.25,20.7,34.6,58.5,Summer,0,0,109.99,494.7,5000,60,1235,-1015.49,0,Watermelon
2024-06-04,Rice,Andhra Pradesh,Guntur,92.95,10333.4,34.3,43.2,93.2,Summer,0,0,101.34,395.3,3385,365,1109,-1016.05,0,Vegetables
2024-07-05,Tomato,Karnataka,Bengaluru Urban,187.52,8077.19,35.3,159.0,75.8,Kharif,0,0,106.75,443.3,5000,5,1372,-1184.48,1,Cotton
2025-02-19,Potato,Karnataka,Tumakuru,12.08,30403.02,21.6,1.2,56.4,Rabi,0,0,101.65,439.1,5000,60,1247,-1234.92,0,Wheat
2024-09-18,Brinjal,Telangana,Nizamabad,337.73,6238.29,33.5,98.7,91.2,Kharif,0,0,95.66,401.1,5000,5,1500,-1162.27,1,Groundnut
2025-03-23,Maize,Telangana,Khammam,264.7,6690.97,30.3,38.0,35.1,Summer,0,1,108.38,443.6,2567,180,1253,-988.3,0,Vegetables
2024-12-26,Potato,Andhra Pradesh,Vijayawada,45.33,14554.75,27.6,9.6,32.7,Rabi,0,0,90.84,349.5,5000,60,1044,-998.67,0,Wheat
2025-05-04,Turmeric,Karnataka,Tumakuru,13.3,33899.26,35.2,6.9,51.9,Summer,0,1,98.43,424.6,2486,365,1691,-1677.7,0,Cucumber
2024-12-28,Maize,Andhra Pradesh,Visakhapatnam,101.21,10914.27,22.1,3.5,34.2,Rabi,0,0,98.14,382.1,3838,180,1318,-1216.79,0,Barley
2025-05-01,Rice,Andhra Pradesh,Kurnool,146.73,9411.67,33.5,16.0,43.8,Summer,0,0,89.8,412.9,1095,365,1426,-1279.27,0,Watermelon
2025-06-08,Chilli,Andhra Pradesh,Guntur,248.05,7257.49,33.2,107.2,79.7,Summer,0,1,96.12,398.0,2315,180,1405,-1156.95,0,Vegetables
2024-09-07,Potato,Maharashtra,Aurangabad,105.83,11867.85,35.2,115.8,59.3,Kharif,0,0,97.84,410.4,5000,60,1603,-1497.17,0,Groundnut
2024-08-11,Turmeric,Telangana,Karimnagar,182.45,7898.64,29.7,180.3,78.7,Kharif,0,1,102.94,451.3,5000,365,1322,-1139.55,0,Maize
2025-01-23,Potato,Andhra Pradesh,Kurnool,157.78,7055.24,27.0,29.8,45.1,Rabi,0,0,90.81,363.4,5000,60,843,-685.22,0,Chickpea
2025-03-09,Rice,Andhra Pradesh,Visakhapatnam,71.28,13147.12,21.2,6.1,38.6,Summer,0,1,91.53,357.1,2012,365,1339,-1267.72,0,Watermelon
2025-03-04,Tomato,Andhra Pradesh,Guntur,81.08,11602.33,24.9,39.3,33.9,Summer,0,0,96.75,445.9,5000,5,1200,-1118.92,0,Cucumber
2024-08-25,Turmeric,Tamil Nadu,Salem,72.21,12568.38,41.0,120.2,77.9,Kharif,0,1,94.16,418.8,5000,365,1235,-1162.79,0,Cotton
2024-09-18,Turmeric,Andhra Pradesh,Guntur,176.32,7992.58,35.1,63.6,59.6,Kharif,0,0,101.43,401.0,5000,365,1195,-1018.68,0,Cotton
2024-12-12,Tomato,Tamil Nadu,Madurai,243.91,6431.3,24.0,5.4,32.2,Rabi,0,0,109.78,433.2,5000,5,1101,-857.09,0,Chickpea
2025-01-19,Wheat,Tamil Nadu,Tiruppur,61.39,13291.62,29.1,23.8,46.5,Rabi,0,1,97.06,391.1,4527,365,1219,-1157.61,0,Barley
2025-05-05,Maize,Telangana,Warangal,48.48,15891.3,39.9,16.8,29.2,Summer,0,0,105.5,407.4,2588,180,1356,-1307.52,0,Vegetables
2024-10-30,Potato,Andhra Pradesh,Nellore,105.74,10533.03,37.3,114.2,69.4,Kharif,0,0,107.3,430.9,5000,60,1293,-1187.26,0,Maize
2025-06-12,Brinjal,Andhra Pradesh,Visakhapatnam,181.88,7833.42,38.5,110.5,64.3,Summer,0,0,107.79,431.8,5000,5,1288,-1106.12,1,Vegetables
2024-11-08,Tomato,Andhra Pradesh,Nellore,162.37,7804.92,21.4,37.6,52.0,Rabi,0,0,95.37,366.3,5000,5,1133,-970.63,0,Barley
2025-01-31,Brinjal,Maharashtra,Nashik,173.12,7850.28,21.8,12.5,38.7,Rabi,0,0,104.37,388.3,5000,5,1182,-1008.88,0,Mustard
2024-06-30,Brinjal,Andhra Pradesh,Guntur,37.9,16681.25,32.8,167.8,59.4,Summer,0,1,106.62,404.6,5000,5,1188,-1150.1,0,Cucumber
2024-07-06,Cabbage,Andhra Pradesh,Visakhapatnam,111.26,11882.49,38.1,135.4,82.8,Kharif,0,0,99.94,392.5,5000,7,1720,-1608.74,1,Cotton
2024-09-29,Turmeric,Andhra Pradesh,Nellore,314.73,6063.69,34.5,190.5,61.1,Kharif,0,1,100.9,418.7,5000,365,1311,-996.27,0,Groundnut
2024-10-05,Cabbage,Maharashtra,Pune,147.18,8198.06,37.8,186.0,83.3,Kharif,0,0,91.36,391.6,5000,7,1108,-960.82,1,Cotton
2025-04-14,Rice,Tamil Nadu,Tiruppur,79.76,13394.17,44.2,18.5,38.5,Summer,1,0,90.49,425.4,1381,365,1566,-1486.24,0,Vegetables
2025-03-17,Brinjal,Karnataka,Mysuru,276.36,6171.26,29.6,0.2,41.7,Summer,0,0,96.76,407.0,5000,5,1184,-907.64,0,Watermelon
2024-09-13,Chilli,Telangana,Karimnagar,141.44,8620.42,38.3,101.4,64.0,Kharif,0,0,97.95,375.5,1936,180,1146,-1004.56,0,Groundnut
2024-12-20,Onion,Karnataka,Tumakuru,242.35,5799.2,27.0,25.3,30.5,Rabi,0,0,102.6,395.1,5000,30,933,-690.65,0,Mustard
2024-11-09,Rice,Andhra Pradesh,Kurnool,280.72,6635.62,21.0,39.9,47.6,Rabi,0,0,101.1,379.9,2169,365,1324,-1043.28,0,Wheat
2025-04-15,Cabbage,Andhra Pradesh,Vijayawada,108.2,12583.83,33.4,9.4,41.9,Summer,0,0,89.45,402.9,5000,7,1819,-1710.8,0,Watermelon
2025-03-03,Potato,Maharashtra,Nagpur,77.23,11086.99,24.8,22.4,35.4,Summer,0,0,92.0,419.6,5000,60,1037,-959.77,0,Watermelon
2024-08-07,Chilli,Andhra Pradesh,Guntur,54.27,12081.49,28.4,48.1,83.6,Kharif,0,0,102.5,381.2,2344,180,908,-853.73,0,Rice
2024-12-07,Wheat,Telangana,Khammam,80.57,11443.31,20.2,4.2,58.0,Rabi,0,0,91.93,400.5,4431,365,1134,-1053.43,0,Chickpea
2025-03-06,Wheat,Maharashtra,Solapur,282.89,5532.15,30.0,15.9,53.4,Summer,0,0,92.51,370.2,4598,365,954,-671.11,0,Cucumber
2024-06-05,Brinjal,Karnataka,Bengaluru Urban,64.74,10916.73,33.9,180.7,87.7,Summer,0,0,95.52,377.7,5000,5,871,-806.26,1,Watermelon
2024-08-08,Wheat,Andhra Pradesh,Vijayawada,18.07,30163.25,35.7,98.5,66.8,Kharif,0,0,108.87,469.8,889,365,1812,-1793.93,0,Maize
2025-06-16,Brinjal,Telangana,Karimnagar,62.43,11363.55,40.5,164.0,72.0,Summer,0,0,88.49,353.9,5000,5,888,-825.57,1,Cucumber
2024-10-23,Cabbage,Telangana,Karimnagar,285.71,6397.83,41.8,114.6,61.9,Kharif,0,0,93.99,350.6,5000,7,1269,-983.29,1,Rice
2024-09-13,Wheat,Maharashtra,Aurangabad,78.46,13628.28,31.8,119.8,81.1,Kharif,0,0,106.25,410.5,1371,365,1600,-1521.54,0,Maize
2024-10-07,Tomato,Andhra Pradesh,Visakhapatnam,261.59,6587.29,35.3,28.5,61.7,Kharif,0,0,104.24,392.3,5000,5,1300,-1038.41,1,Groundnut
2025-01-03,Wheat,Andhra Pradesh,Vijayawada,295.43,5037.89,23.5,14.2,55.2,Rabi,0,0,94.54,401.9,4409,365,940,-644.5699999999999,0,Wheat
2024-11-18,Onion,Karnataka,Bengaluru Rural,152.1,7509.09,20.4,10.5,50.8,Rabi,0,0,89.13,376.6,5000,30,964,-811.9,0,Barley
2025-06-15,Maize,Maharashtra,Aurangabad,295.96,6554.54,29.5,33.5,84.1,Summer,0,1,98.9,428.1,4060,180,1434,-1138.04,0,Cucumber
2025-03-15,Tomato,Andhra Pradesh,Vijayawada,31.75,17535.98,23.3,23.6,42.6,Summer,0,0,90.01,417.6,5000,5,1102,-1070.25,0,Vegetables
2025-05-20,Onion,Maharashtra,Pune,160.97,7376.47,35.2,10.8,51.2,Summer,0,0,104.11,457.0,5000,30,988,-827.03,0,Cucumber
2024-12-07,Cabbage,Maharashtra,Nashik,361.33,5716.71,22.7,39.5,63.0,Rabi,0,0,88.87,394.5,5000,7,1290,-928.67,0,Chickpea
2025-01-07,Onion,Andhra Pradesh,Krishna,213.48,6801.48,31.0,1.4,54.4,Rabi,0,0,94.54,434.1,5000,30,1035,-821.52,0,Wheat
2024-12-04,Tomato,Karnataka,Bengaluru Rural,210.41,7430.62,20.4,23.9,38.1,Rabi,0,0,90.65,344.2,5000,5,1226,-1015.59,0,Barley
2025-05-16,Potato,Andhra Pradesh,Krishna,112.01,10226.25,33.8,6.3,41.2,Summer,0,0,105.4,417.6,5000,60,1242,-1129.99,0,Cucumber
2025-03-14,Turmeric,Maharashtra,Nashik,111.21,10458.28,31.3,32.0,64.9,Summer,1,0,95.72,424.1,5000,365,1395,-1283.79,0,Vegetables
2024-09-30,Onion,Telangana,Khammam,43.98,17139.68,40.2,197.1,85.7,Kharif,0,0,97.19,398.1,5000,30,1422,-1378.02,0,Maize
2024-06-13,Onion,Karnataka,Tumakuru,153.5,9585.96,32.1,62.0,56.7,Summer,0,0,88.39,418.3,5000,30,1470,-1316.5,0,Cucumber
2025-05-09,Potato,Karnataka,Bengaluru Rural,32.57,16619.5,35.6,19.0,48.6,Summer,0,0,89.97,372.5,5000,60,1009,-976.43,0,Cucumber
2025-05-26,Rice,Tamil Nadu,Chennai,39.0,19010.26,40.3,10.3,31.9,Summer,0,0,91.88,361.4,1091,365,1615,-1576.0,0,Cucumber
2025-01-27,Potato,Telangana,Khammam,208.1,6543.5,20.7,38.8,60.9,Rabi,0,0,108.41,489.0,5000,60,1088,-879.9,0,Mustard
2024-11-27,Wheat,Telangana,Warangal,184.93,6812.37,29.8,9.0,37.8,Rabi,0,0,99.81,422.7,4316,365,1022,-837.0699999999999,0,Wheat
2024-06-13,Potato,Tamil Nadu,Madurai,114.2,11079.36,40.4,192.0,89.5,Summer,0,0,105.81,449.3,5000,60,1563,-1448.8,0,Vegetables
2024-10-21,Rice,Karnataka,Mysuru,32.95,18574.95,38.1,109.3,58.2,Kharif,0,0,92.84,406.4,2996,365,1266,-1233.05,0,Groundnut
2025-04-25,Brinjal,Tamil Nadu,Tiruppur,309.11,7748.3,38.8,11.8,49.7,Summer,0,0,95.65,415.8,5000,5,1915,-1605.89,1,Watermelon
2024-11-17,Tomato,Andhra Pradesh,Krishna,143.95,8585.27,30.2,34.7,54.8,Rabi,0,1,106.41,455.2,5000,5,1237,-1093.05,0,Barley
2024-08-31,Cabbage,Karnataka,Bengaluru Urban,233.31,7508.73,30.2,178.6,89.9,Kharif,0,0,88.64,404.6,5000,7,1429,-1195.69,1,Groundnut
2024-07-26,Cabbage,Tamil Nadu,Madurai,306.23,6559.89,39.6,111.3,55.3,Kharif,0,0,94.31,405.6,5000,7,1466,-1159.77,1,Groundnut
2025-06-09,Chilli,Tamil Nadu,Tiruppur,81.51,11307.01,36.9,117.2,86.2,Summer,0,0,90.35,404.7,2210,180,1157,-1075.49,0,Cucumber
2025-02-17,Rice,Tamil Nadu,Tiruppur,171.13,8126.09,21.2,37.5,54.1,Rabi,0,0,89.49,360.3,2033,365,1229,-1057.87,0,Wheat
2024-09-06,Wheat,Andhra Pradesh,Visakhapatnam,4.78,63535.49,32.8,131.8,56.8,Kharif,0,0,107.17,482.7,742,365,2150,-2145.22,0,Groundnut
2025-01-10,Tomato,Maharashtra,Solapur,138.16,8603.17,28.2,17.8,39.6,Rabi,0,0,109.94,443.1,5000,5,1171,-1032.84,0,Chickpea
2025-05-18,Potato,Karnataka,Tumakuru,221.03,8844.81,41.3,4.4,27.5,Summer,0,1,102.97,439.3,5000,60,1847,-1625.97,0,Watermelon
2024-07-06,Chilli,Maharashtra,Nagpur,80.12,12575.66,33.6,69.4,94.4,Kharif,0,0,97.01,440.0,1950,180,1410,-1329.88,0,Groundnut
2025-05-06,Rice,Karnataka,Hassan,165.24,8797.52,43.4,9.5,54.0,Summer,0,0,92.08,420.5,1431,365,1539,-1373.76,0,Vegetables
2024-11-06,Turmeric,Karnataka,Tumakuru,132.34,9201.85,21.6,1.3,62.2,Rabi,0,0,101.57,447.2,3746,365,1242,-1109.66,0,Wheat
2025-05-23,Wheat,Maharashtra,Nashik,72.43,15541.21,35.4,9.8,26.9,Summer,0,0,100.8,397.0,1499,365,1896,-1823.57,0,Watermelon
2024-09-07,Turmeric,Tamil Nadu,Coimbatore,26.03,22023.3,36.4,72.5,82.8,Kharif,0,0,106.92,464.4,4965,365,1410,-1383.97,0,Maize
2025-04-12,Cabbage,Karnataka,Tumakuru,6.15,43996.8,35.9,19.7,29.3,Summer,0,0,98.98,422.1,5000,7,1317,-1310.85,1,Watermelon
2025-03-08,Tomato,Karnataka,Mysuru,57.4,16917.75,21.1,14.0,31.2,Summer,0,0,89.73,369.8,5000,5,1866,-1808.6,0,Watermelon
2024-09-16,Turmeric,Maharashtra,Solapur,220.03,6848.47,39.2,56.0,61.7,Kharif,0,0,90.3,393.3,5000,365,1059,-838.97,0,Cotton
2025-05-02,Chilli,Tamil Nadu,Salem,172.27,7984.93,37.1,16.3,27.4,Summer,0,0,107.69,446.2,1815,180,1203,-1030.73,0,Cucumber
2025-01-13,Potato,Maharashtra,Aurangabad,309.35,6203.18,26.3,29.3,32.9,Rabi,0,0,89.33,354.9,5000,60,1246,-936.65,0,Barley
2025-06-12,Onion,Andhra Pradesh,Krishna,124.01,7671.59,35.8,149.5,64.1,Summer,0,0,109.92,492.5,5000,30,788,-663.99,0,Cucumber
2025-02-19,Cabbage,Karnataka,Bengaluru Urban,118.77,8312.03,20.9,1.2,39.0,Rabi,0,0,98.18,441.8,5000,7,894,-775.23,0,Wheat
2025-06-20,Potato,Karnataka,Bengaluru Rural,199.25,9566.39,41.8,27.2,89.7,Summer,0,0,100.73,412.0,5000,60,2085,-1885.75,0,Watermelon
2024-09-10,Onion,Andhra Pradesh,Vijayawada,172.18,7230.46,40.6,95.9,66.1,Kharif,0,0,101.03,455.7,5000,30,1077,-904.82,0,Rice
2024-10-04,Maize,Maharashtra,Pune,49.05,15041.08,38.0,183.6,62.2,Kharif,0,0,93.23,433.7,4191,180,1204,-1154.95,0,Rice
2025-01-20,Turmeric,Maharashtra,Nashik,140.83,9234.59,23.0,34.8,45.6,Rabi,0,0,99.33,400.0,4194,365,1316,-1175.17,0,Wheat
2025-06-03,Turmeric,Tamil Nadu,Salem,22.41,19371.04,38.8,43.6,93.8,Summer,0,0,97.98,384.2,5000,365,934,-911.59,0,Cucumber
2024-10-03,Onion,Andhra Pradesh,Vijayawada,63.7,14249.72,32.7,169.2,72.2,Kharif,0,0,93.47,402.7,5000,30,1489,-1425.3,0,Maize
2025-01-04,Potato,Telangana,Nizamabad,34.59,15124.07,30.1,32.2,50.5,Rabi,0,0,107.1,413.4,5000,60,887,-852.41,0,Chickpea
2025-01-24,Tomato,Maharashtra,Nashik,154.63,8743.69,26.4,37.5,31.4,Rabi,0,0,90.69,378.1,5000,5,1307,-1152.37,0,Mustard
2024-08-02,Maize,Telangana,Khammam,11.63,28563.21,34.4,112.8,74.6,Kharif,0,0,102.67,391.9,4588,180,1030,-1018.37,0,Maize
2025-05-08,Brinjal,Maharashtra,Solapur,36.07,16679.96,35.4,13.5,54.1,Summer,0,0,90.07,395.8,5000,5,1121,-1084.93,1,Vegetables
2024-11-10,Maize,Maharashtra,Solapur,156.0,9153.62,31.3,27.3,47.4,Rabi,0,1,101.59,453.8,3537,180,1450,-1294.0,0,Barley
2025-01-05,Brinjal,Tamil Nadu,Coimbatore,165.06,8683.51,22.6,26.4,43.8,Rabi,0,1,102.33,387.7,5000,5,1315,-1149.94,0,Chickpea
2025-06-16,Maize,Tamil Nadu,Madurai,193.09,7452.74,40.3,92.7,68.1,Summer,0,0,102.69,452.1,4096,180,1217,-1023.91,0,Cucumber
2025-06-20,Potato,Karnataka,Hassan,191.25,9357.91,39.4,41.6,76.8,Summer,0,0,88.13,357.7,5000,60,1851,-1659.75,0,Cucumber
2025-02-04,Potato,Karnataka,Tumakuru,341.59,6554.73,22.9,14.9,38.0,Rabi,0,0,89.61,387.9,5000,60,1640,-1298.41,0,Mustard
2024-07-10,Wheat,Telangana,Karimnagar,47.83,22689.82,33.3,175.4,75.8,Kharif,0,0,98.54,367.2,500,365,2712,-2664.17,0,Maize
2024-11-19,Chilli,Maharashtra,Pune,7.27,35128.7,27.3,30.6,58.5,Rabi,0,0,103.8,469.3,2152,180,983,-975.73,0,Mustard
2024-08-10,Onion,Telangana,Khammam,72.67,12235.95,31.4,186.9,57.4,Kharif,0,0,108.56,431.6,5000,30,1174,-1101.33,0,Maize
2025-05-22,Onion,Telangana,Hyderabad,99.95,12204.68,42.6,10.8,34.3,Summer,0,0,101.43,439.5,5000,30,1626,-1526.05,0,Cucumber
2024-12-30,Turmeric,Karnataka,Hassan,72.62,12289.13,22.2,27.2,36.4,Rabi,0,0,99.55,432.2,3628,365,1223,-1150.38,0,Mustard
2025-01-25,Turmeric,Andhra Pradesh,Guntur,164.23,8180.78,29.7,22.0,31.5,Rabi,0,0,101.93,462.4,4072,365,1182,-1017.77,0,Barley
2025-01-02,Turmeric,Maharashtra,Pune,67.39,12719.29,22.7,8.5,51.4,Rabi,0,0,97.04,435.2,4388,365,1223,-1155.61,0,Wheat
2025-06-27,Cabbage,Tamil Nadu,Salem,110.62,9648.56,39.5,96.3,81.7,Summer,0,0,90.1,391.5,5000,7,1144,-1033.38,1,Cucumber
2024-06-04,Chilli,Karnataka,Tumakuru,128.03,8385.54,38.3,175.3,63.7,Summer,0,0,90.11,337.5,2525,180,999,-870.97,0,Watermelon
2025-01-01,Brinjal,Maharashtra,Solapur,161.56,9236.15,27.1,19.9,64.6,Rabi,0,0,91.0,401.1,5000,5,1521,-1359.44,0,Chickpea
2024-09-21,Maize,Telangana,Karimnagar,34.11,17766.0,37.7,198.4,60.1,Kharif,0,0,90.29,401.2,4397,180,1191,-1156.89,0,Rice
2025-01-10,Maize,Andhra Pradesh,Kurnool,282.09,6314.64,22.7,14.2,32.4,Rabi,0,0,99.42,374.1,3232,180,1212,-929.91,0,Chickpea
2024-11-20,Turmeric,Telangana,Khammam,198.49,7044.49,30.6,26.0,48.7,Rabi,0,0,95.14,383.0,4926,365,1106,-907.51,0,Mustard
2024-08-05,Cabbage,Maharashtra,Pune,169.59,8346.46,35.9,192.4,62.0,Kharif,0,0,103.18,399.2,5000,7,1241,-1071.41,1,Maize
2024-12-19,Cabbage,Maharashtra,Pune,64.95,13387.81,29.1,13.9,53.3,Rabi,0,0,105.5,472.7,5000,7,1281,-1216.05,0,Chickpea
2024-07-13,Turmeric,Telangana,Khammam,208.9,7229.18,35.3,132.2,58.6,Kharif,0,0,104.62,397.7,5000,365,1197,-988.1,0,Rice
2024-09-02,Tomato,Karnataka,Tumakuru,104.64,9605.82,28.5,74.6,65.5,Kharif,0,0,95.92,363.6,5000,5,1062,-957.36,0,Cotton
2024-11-15,Potato,Tamil Nadu,Madurai,432.93,6151.08,27.2,20.6,62.2,Rabi,1,0,98.93,455.5,5000,60,1752,-1319.07,0,Chickpea
2024-11-20,Turmeric,Karnataka,Tumakuru,111.49,10395.52,24.6,35.1,60.4,Rabi,0,0,105.73,461.2,3944,365,1357,-1245.51,0,Barley
2024-10-08,Rice,Tamil Nadu,Chennai,311.15,5658.18,32.8,195.6,80.6,Kharif,0,0,106.09,403.2,2994,365,1246,-934.85,0,Groundnut
2025-06-19,Brinjal,Andhra Pradesh,Krishna,27.62,20160.4,36.5,157.7,62.0,Summer,0,0,99.06,402.6,5000,5,1235,-1207.38,1,Watermelon
2024-09-23,Rice,Andhra Pradesh,Vijayawada,30.38,18649.32,41.5,97.8,67.5,Kharif,0,0,99.14,406.5,2698,365,1155,-1124.62,0,Cotton
2024-10-05,Potato,Andhra Pradesh,Nellore,271.62,7595.67,36.7,137.0,61.1,Kharif,0,0,89.35,403.0,5000,60,1613,-1341.38,0,Rice
2024-08-18,Potato,Telangana,Khammam,31.68,21584.9,41.8,63.1,60.7,Kharif,0,1,90.67,364.6,5000,60,1634,-1602.32,0,Groundnut
2025-05-09,Rice,Maharashtra,Nashik,84.95,12342.32,39.1,19.9,49.4,Summer,0,0,101.53,402.9,1822,365,1409,-1324.05,0,Cucumber
2025-01-25,Wheat,Karnataka,Bengaluru Rural,8.67,30212.97,24.4,16.6,59.0,Rabi,0,0,104.14,453.7,4327,365,866,-857.33,0,Wheat
2025-04-07,Cabbage,Andhra Pradesh,Guntur,129.99,12584.78,33.2,5.2,47.8,Summer,0,0,91.02,386.7,5000,7,2202,-2072.01,0,Watermelon
2024-11-07,Rice,Maharashtra,Pune,151.24,8233.14,21.2,19.5,35.3,Rabi,0,0,95.14,419.4,1657,365,1184,-1032.76,0,Wheat
2024-11-07,Cabbage,Tamil Nadu,Salem,122.02,8513.17,25.5,31.4,61.2,Rabi,0,0,109.02,472.4,5000,7,1022,-899.98,0,Chickpea
2025-06-02,Potato,Andhra Pradesh,Nellore,244.84,7975.04,28.5,182.3,73.5,Summer,0,0,102.02,436.4,5000,60,1647,-1402.16,0,Vegetables
2025-05-20,Potato,Andhra Pradesh,Visakhapatnam,23.41,24479.18,33.8,10.4,29.5,Summer,0,0,104.22,430.9,5000,60,1522,-1498.59,0,Watermelon
2024-11-02,Cabbage,Andhra Pradesh,Nellore,84.15,12114.83,20.9,0.5,63.5,Rabi,1,0,104.23,416.6,5000,7,1331,-1246.85,0,Wheat
2024-06-22,Chilli,Maharashtra,Aurangabad,12.3,31278.23,37.3,53.3,62.0,Summer,0,0,90.16,395.0,2376,180,1336,-1323.7,0,Cucumber
2025-05-05,Chilli,Andhra Pradesh,Nellore,212.5,8294.42,40.5,7.6,31.2,Summer,0,0,90.67,392.7,1491,180,1725,-1512.5,0,Watermelon
2025-04-28,Chilli,Andhra Pradesh,Kurnool,157.98,7827.12,33.5,19.4,49.0,Summer,0,0,94.44,438.7,1760,180,1186,-1028.02,0,Cucumber
2025-02-06,Rice,Tamil Nadu,Madurai,105.97,9755.82,21.5,13.5,62.5,Rabi,0,0,92.94,378.8,2514,365,1129,-1023.03,0,Mustard
2025-04-22,Maize,Telangana,Khammam,223.59,7649.54,44.3,4.8,28.6,Summer,0,0,92.34,423.0,2770,180,1550,-1326.41,0,Cucumber
2024-08-30,Brinjal,Karnataka,Hassan,218.42,6362.25,38.6,102.9,88.7,Kharif,0,0,104.03,454.0,5000,5,1014,-795.58,1,Maize
2025-03-03,Maize,Tamil Nadu,Salem,61.19,13836.68,31.8,37.5,31.5,Summer,0,0,91.63,352.6,3352,180,1280,-1218.81,0,Vegetables
2025-06-10,Cabbage,Karnataka,Mysuru,137.35,9355.98,38.3,117.6,78.6,Summer,0,0,99.18,393.9,5000,7,1326,-1188.65,1,Vegetables
2024-10-04,Rice,Karnataka,Tumakuru,249.97,6179.93,36.9,157.0,61.4,Kharif,0,0,98.15,364.4,2768,365,1076,-826.03,0,Groundnut
2024-10-03,Maize,Maharashtra,Solapur,72.56,12014.01,39.2,56.7,77.2,Kharif,0,0,104.13,439.9,4619,180,1137,-1064.44,0,Cotton
2025-05-09,Turmeric,Karnataka,Bengaluru Urban,38.16,21856.0,39.7,0.1,47.8,Summer,0,0,88.78,397.8,2202,365,2058,-2019.84,0,Cucumber
2025-02-09,Chilli,Telangana,Khammam,179.95,7904.79,32.0,14.7,45.7,Rabi,0,1,103.89,463.4,1716,180,1257,-1077.05,0,Wheat
2024-09-17,Chilli,Karnataka,Mysuru,161.58,7829.63,37.7,20.6,79.8,Kharif,0,0,95.82,426.8,2033,180,1099,-937.42,0,Rice
2024-10-22,Cabbage,Karnataka,Hassan,193.98,7751.29,36.1,121.1,77.4,Kharif,0,0,101.28,435.4,5000,7,1213,-1019.02,1,Maize
2024-06-06,Brinjal,Telangana,Hyderabad,121.35,8209.67,35.0,33.9,57.3,Summer,0,0,95.35,424.4,5000,5,930,-808.65,0,Cucumber
2024-10-02,Turmeric,Tamil Nadu,Tiruppur,266.42,7448.88,32.6,98.1,58.5,Kharif,1,0,92.85,398.8,4939,365,1599,-1332.58,0,Rice
2025-06-24,Potato,Tamil Nadu,Salem,124.87,8696.43,36.9,161.4,59.7,Summer,0,0,97.02,435.2,5000,60,1086,-961.13,0,Vegetables
2025-01-16,Tomato,Andhra Pradesh,Krishna,205.18,8268.74,24.0,1.0,30.8,Rabi,0,0,106.3,416.6,5000,5,1433,-1227.82,0,Mustard
2024-09-22,Turmeric,Telangana,Karimnagar,176.97,8283.56,31.6,97.3,89.9,Kharif,0,1,106.52,409.6,5000,365,1299,-1122.03,0,Rice
2025-05-06,Cabbage,Karnataka,Tumakuru,26.96,19731.48,38.2,14.6,48.0,Summer,0,0,91.5,395.2,5000,7,1141,-1114.04,1,Watermelon
2025-03-11,Brinjal,Karnataka,Tumakuru,78.62,11999.73,31.5,2.8,32.0,Summer,0,0,94.21,373.3,5000,5,1210,-1131.38,0,Cucumber
2025-06-17,Brinjal,Karnataka,Mysuru,25.83,21879.27,34.3,159.8,57.6,Summer,0,0,98.73,368.6,5000,5,1391,-1365.17,0,Watermelon
2025-05-26,Maize,Karnataka,Mysuru,18.58,23824.71,37.2,18.0,25.7,Summer,0,0,102.6,465.8,2484,180,1170,-1151.42,0,Cucumber
2024-10-07,Potato,Andhra Pradesh,Visakhapatnam,156.31,9442.56,38.2,196.6,65.3,Kharif,0,0,102.39,396.2,5000,60,1535,-1378.69,0,Rice
2024-09-07,Chilli,Andhra Pradesh,Visakhapatnam,131.33,8390.84,36.5,82.9,59.6,Kharif,0,0,91.33,359.9,2110,180,1017,-885.67,0,Maize
2025-03-02,Onion,Telangana,Warangal,24.45,19442.49,30.3,28.9,32.4,Summer,0,1,103.57,431.4,5000,30,1039,-1014.55,0,Watermelon
2025-06-14,Maize,Karnataka,Hassan,139.36,8328.09,30.3,190.2,89.0,Summer,0,0,102.72,421.1,3838,180,1039,-899.64,0,Vegetables
2025-06-25,Brinjal,Maharashtra,Nagpur,89.42,11216.42,39.3,102.7,57.1,Summer,0,0,105.3,406.7,5000,5,1228,-1138.58,1,Watermelon
2024-07-22,Potato,Karnataka,Bengaluru Rural,125.69,10430.36,38.6,113.5,63.2,Kharif,0,0,107.31,474.7,5000,60,1549,-1423.31,0,Rice
2024-12-02,Onion,Karnataka,Bengaluru Urban,140.67,7949.43,26.5,19.9,33.7,Rabi,0,0,102.45,452.6,5000,30,1032,-891.33,0,Wheat
2025-05-29,Brinjal,Telangana,Karimnagar,146.02,8681.65,36.4,15.9,42.3,Summer,0,0,101.96,448.7,5000,5,1139,-992.98,1,Cucumber
2024-06-24,Tomato,Maharashtra,Nagpur,324.65,5803.33,39.1,77.0,89.3,Summer,0,0,107.94,422.7,5000,5,1282,-957.35,1,Watermelon
2025-05-24,Onion,Tamil Nadu,Chennai,310.42,6669.6,35.2,17.9,44.6,Summer,0,0,91.35,379.4,5000,30,1474,-1163.58,0,Cucumber
2024-06-07,Cabbage,Karnataka,Tumakuru,43.17,15227.78,41.5,95.2,94.4,Summer,0,0,102.69,436.5,5000,7,1116,-1072.83,1,Vegetables
2025-02-01,Maize,Karnataka,Bengaluru Rural,232.35,7198.86,21.9,0.5,49.6,Rabi,0,0,99.6,433.3,3359,180,1329,-1096.65,0,Wheat
2024-06-27,Wheat,Tamil Nadu,Chennai,43.11,19335.11,37.9,76.6,73.8,Summer,0,0,106.08,432.6,1289,365,1801,-1757.89,0,Vegetables
2024-07-04,Turmeric,Tamil Nadu,Chennai,129.17,9510.56,32.7,51.3,83.5,Kharif,0,0,106.17,400.7,5000,365,1316,-1186.83,0,Maize
2025-03-23,Tomato,Telangana,Warangal,293.84,6500.49,27.8,24.8,42.3,Summer,0,1,106.51,435.2,5000,5,1435,-1141.16,0,Vegetables
2025-03-16,Wheat,Andhra Pradesh,Guntur,264.52,6778.8,28.1,13.0,54.0,Summer,0,1,89.53,349.1,4657,365,1298,-1033.48,0,Cucumber
2024-07-31,Brinjal,Tamil Nadu,Tiruppur,135.37,10006.72,37.7,112.3,67.2,Kharif,0,0,92.68,347.4,5000,5,1478,-1342.63,1,Groundnut
2025-04-02,Cabbage,Telangana,Nizamabad,132.86,9717.32,43.5,15.3,48.7,Summer,0,0,102.63,402.6,5000,7,1363,-1230.14,1,Vegetables
2024-12-12,Maize,Tamil Nadu,Madurai,44.07,16526.82,25.5,34.6,49.1,Rabi,0,0,96.37,445.2,2963,180,1325,-1280.93,0,Mustard
2025-03-29,Turmeric,Karnataka,Hassan,218.2,6807.83,28.9,36.7,39.8,Summer,0,0,106.88,420.4,4193,365,1145,-926.8,0,Cucumber
2025-04-14,Tomato,Maharashtra,Pune,131.6,9545.17,43.0,5.6,51.2,Summer,1,0,90.48,400.0,5000,5,1367,-1235.4,1,Cucumber
2025-06-26,Potato,Telangana,Karimnagar,13.44,28529.21,28.2,104.4,67.1,Summer,0,0,101.16,400.8,5000,60,1226,-1212.56,0,Watermelon
2025-05-05,Rice,Telangana,Warangal,9.9,36365.05,43.7,3.7,27.4,Summer,0,0,93.27,418.0,1268,365,1456,-1446.1,0,Vegetables
2024-08-28,Brinjal,Andhra Pradesh,Guntur,274.6,6254.06,28.9,169.6,79.0,Kharif,0,0,90.53,345.3,5000,5,1135,-860.4,0,Cotton
2024-06-02,Turmeric,Tamil Nadu,Tiruppur,153.36,8802.94,35.2,97.5,67.7,Summer,0,1,97.56,431.1,5000,365,1275,-1121.64,0,Watermelon
2025-01-27,Wheat,Andhra Pradesh,Guntur,124.35,9697.44,27.3,25.3,50.7,Rabi,0,0,103.46,403.5,4509,365,1269,-1144.65,0,Barley
2024-10-26,Wheat,Tamil Nadu,Chennai,10.11,43305.17,41.3,128.1,84.7,Kharif,0,0,99.14,424.1,677,365,2085,-2074.89,0,Cotton
2025-05-18,Potato,Karnataka,Hassan,49.02,17225.0,38.7,0.9,29.2,Summer,0,1,94.09,436.8,5000,60,1577,-1527.98,0,Cucumber
2025-05-05,Potato,Tamil Nadu,Chennai,12.35,29121.84,35.5,10.3,25.2,Summer,0,0,88.17,348.3,5000,60,1199,-1186.65,0,Cucumber
2025-03-06,Potato,Telangana,Karimnagar,243.15,6389.04,29.6,22.9,47.9,Summer,0,0,94.46,434.5,5000,60,1185,-941.85,0,Watermelon
2024-08-12,Rice,Andhra Pradesh,Guntur,52.55,13224.76,35.1,177.4,74.7,Kharif,0,0,103.45,471.4,2823,365,1054,-1001.45,0,Rice
2024-11-05,Cabbage,Maharashtra,Nagpur,260.94,5667.67,25.1,16.4,61.8,Rabi,0,0,103.71,437.7,5000,7,955,-694.06,0,Wheat
2025-01-11,Rice,Tamil Nadu,Madurai,94.59,11023.9,23.1,2.4,51.1,Rabi,0,0,103.1,391.2,1462,365,1231,-1136.41,0,Wheat
2025-05-25,Turmeric,Karnataka,Hassan,157.74,8946.75,34.5,8.4,47.5,Summer,0,1,89.56,340.7,2624,365,1422,-1264.26,0,Watermelon
2025-03-04,Maize,Tamil Nadu,Chennai,236.47,6661.5,27.1,0.4,52.3,Summer,0,0,108.09,453.4,2936,180,1168,-931.53,0,Watermelon
2025-04-03,Tomato,Tamil Nadu,Madurai,154.3,10848.24,43.8,1.3,41.0,Summer,0,0,91.13,340.0,5000,5,2021,-1866.7,1,Cucumber
2025-04-06,Wheat,Andhra Pradesh,Vijayawada,132.32,11924.42,34.5,11.2,35.3,Summer,0,1,104.04,442.8,1006,365,2075,-1942.68,0,Watermelon
2024-09-26,Cabbage,Maharashtra,Pune,206.38,7056.5,37.4,69.6,67.3,Kharif,0,0,105.36,428.9,5000,7,1175,-968.62,1,Maize
2025-06-27,Wheat,Maharashtra,Pune,81.15,14416.34,32.5,124.8,69.8,Summer,0,0,101.22,437.8,573,365,1879,-1797.85,0,Watermelon
2025-06-26,Onion,Tamil Nadu,Tiruppur,173.6,7802.88,34.0,45.7,90.6,Summer,0,0,95.61,368.5,5000,30,1187,-1013.4,0,Watermelon
2025-04-30,Maize,Karnataka,Bengaluru Rural,63.04,14140.24,37.9,6.2,45.3,Summer,0,0,101.33,407.5,2441,180,1419,-1355.96,0,Watermelon
2025-03-27,Turmeric,Tamil Nadu,Chennai,14.85,27500.14,28.3,5.6,47.0,Summer,0,0,88.61,375.6,4234,365,1251,-1236.15,0,Cucumber
2025-01-27,Chilli,Tamil Nadu,Madurai,270.52,6320.94,21.9,0.9,56.5,Rabi,0,0,98.09,389.3,2139,180,1220,-949.48,0,Chickpea
2024-11-12,Rice,Telangana,Karimnagar,109.63,10754.85,27.2,33.1,64.4,Rabi,0,0,94.34,436.7,1628,365,1353,-1243.37,0,Wheat
2024-12-28,Maize,Karnataka,Tumakuru,84.77,11099.57,26.6,21.7,56.7,Rabi,0,0,106.34,431.8,2874,180,1183,-1098.23,0,Chickpea
2025-06-25,Brinjal,Andhra Pradesh,Kurnool,35.47,17600.59,28.8,81.6,65.8,Summer,0,0,109.26,452.6,5000,5,1186,-1150.53,0,Cucumber
2024-07-16,Chilli,Karnataka,Mysuru,190.26,7860.6,34.8,92.3,94.8,Kharif,0,0,107.37,451.9,1954,180,1314,-1123.74,0,Rice
2024-07-30,Turmeric,Maharashtra,Pune,219.78,6698.4,33.5,27.1,74.0,Kharif,0,0,99.95,390.3,5000,365,1134,-914.22,0,Cotton
2025-05-03,Brinjal,Tamil Nadu,Salem,57.21,14587.26,34.5,15.9,33.3,Summer,0,0,107.3,480.5,5000,5,1335,-1277.79,0,Vegetables
2024-06-28,Potato,Maharashtra,Nagpur,83.32,10462.25,34.8,175.4,78.5,Summer,0,0,96.26,382.6,5000,60,1054,-970.68,0,Vegetables
2025-04-15,Maize,Tamil Nadu,Chennai,161.37,7749.44,39.9,17.3,54.4,Summer,0,0,96.97,433.9,2644,180,1101,-939.63,0,Watermelon
2024-09-13,Wheat,Maharashtra,Nashik,60.68,18185.9,30.8,39.7,89.2,Kharif,0,0,97.66,438.0,1201,365,2230,-2169.32,0,Cotton
2024-10-26,Maize,Tamil Nadu,Chennai,37.51,15697.45,28.3,105.8,82.5,Kharif,0,0,103.9,446.0,3860,180,1012,-974.49,0,Rice
2024-06-15,Cabbage,Telangana,Warangal,9.59,37856.9,39.3,70.2,63.4,Summer,0,0,109.06,402.5,5000,7,1510,-1500.41,1,Vegetables
2024-11-07,Brinjal,Andhra Pradesh,Nellore,231.0,7074.21,28.9,5.7,56.4,Rabi,0,0,104.92,446.5,5000,5,1195,-964.0,0,Chickpea
2024-12-26,Rice,Telangana,Hyderabad,39.25,16495.8,21.1,19.5,32.7,Rabi,0,0,96.97,396.0,1863,365,1165,-1125.75,0,Wheat
2025-01-23,Rice,Telangana,Khammam,21.2,22944.07,20.9,20.0,57.8,Rabi,0,0,103.56,387.0,1598,365,1221,-1199.8,0,Barley
2025-06-02,Wheat,Maharashtra,Nagpur,56.76,19049.45,31.3,70.6,87.1,Summer,0,0,108.44,436.0,1090,365,2280,-2223.24,0,Vegetables
2024-12-30,Maize,Tamil Nadu,Coimbatore,312.57,6193.8,31.7,24.1,42.5,Rabi,0,0,102.25,388.9,2093,180,1374,-1061.43,0,Mustard
2025-01-20,Brinjal,Telangana,Khammam,169.52,8159.2,27.0,25.0,32.5,Rabi,0,0,103.02,402.3,5000,5,1144,-974.48,0,Barley
2024-09-06,Cabbage,Maharashtra,Nashik,24.91,17516.28,30.0,159.6,65.9,Kharif,0,0,98.93,391.8,5000,7,876,-851.09,0,Rice
2024-07-06,Wheat,Tamil Nadu,Madurai,9.16,43985.96,38.5,77.2,55.0,Kharif,0,0,99.24,371.6,590,365,1946,-1936.84,0,Cotton
2025-02-15,Wheat,Andhra Pradesh,Krishna,102.31,9773.75,23.8,4.1,42.6,Rabi,0,0,93.95,424.7,4579,365,1108,-1005.69,0,Barley
2025-06-07,Wheat,Maharashtra,Solapur,46.55,21081.95,34.1,183.8,70.1,Summer,0,0,109.21,410.3,1495,365,2269,-2222.45,0,Vegetables
2025-05-04,Maize,Telangana,Khammam,160.65,8939.55,33.1,3.3,46.4,Summer,0,1,102.66,466.3,2481,180,1438,-1277.35,0,Vegetables
2025-03-03,Maize,Karnataka,Mysuru,137.36,8425.25,23.6,4.2,57.4,Summer,0,0,102.17,381.9,3106,180,1096,-958.64,0,Watermelon
2025-03-10,Brinjal,Tamil Nadu,Salem,166.23,10617.23,22.5,14.7,42.9,Summer,0,0,89.15,401.1,5000,5,2204,-2037.77,0,Vegetables
2024-11-12,Potato,Telangana,Nizamabad,83.82,10416.69,22.5,26.3,46.5,Rabi,0,0,107.36,415.2,5000,60,1029,-945.18,0,Chickpea
2024-12-14,Potato,Tamil Nadu,Chennai,82.9,11930.91,28.9,12.6,52.6,Rabi,0,0,96.69,422.6,5000,60,1277,-1194.1,0,Barley
2024-11-10,Maize,Tamil Nadu,Salem,12.52,33133.8,24.4,2.3,33.9,Rabi,0,1,99.35,391.8,2753,180,1522,-1509.48,0,Barley
2025-05-06,Onion,Tamil Nadu,Chennai,166.03,9506.94,38.9,8.1,40.9,Summer,0,0,101.09,374.7,5000,30,1630,-1463.97,0,Cucumber
2024-08-04,Brinjal,Maharashtra,Nagpur,91.68,11547.21,37.5,76.1,86.0,Kharif,0,1,105.0,434.4,5000,5,1363,-1271.32,1,Maize
2024-07-22,Maize,Andhra Pradesh,Nellore,245.61,6172.09,32.9,86.9,55.1,Kharif,0,0,94.6,409.3,4261,180,1068,-822.39,0,Cotton
2025-01-20,Tomato,Telangana,Khammam,147.8,8964.22,29.4,18.3,43.9,Rabi,0,0,94.66,357.2,5000,5,1334,-1186.2,0,Chickpea
2025-05-02,Onion,Andhra Pradesh,Kurnool,104.34,8789.39,33.7,19.2,53.3,Summer,0,0,105.27,477.7,5000,30,887,-782.66,0,Watermelon
2024-10-14,Chilli,Maharashtra,Aurangabad,211.87,7444.42,30.7,45.3,79.9,Kharif,0,0,105.19,440.2,2126,180,1256,-1044.13,0,Cotton
2025-04-29,Rice,Karnataka,Hassan,173.93,9477.31,36.1,6.9,52.5,Summer,0,0,94.39,392.7,1170,365,1828,-1654.07,0,Watermelon
2024-12-12,Chilli,Tamil Nadu,Tiruppur,76.36,12519.09,21.8,0.3,52.1,Rabi,0,0,97.85,374.6,2117,180,1357,-1280.64,0,Mustard
2024-06-19,Cabbage,Andhra Pradesh,Guntur,106.14,10495.81,29.1,69.4,87.3,Summer,0,0,98.11,412.6,5000,7,1277,-1170.86,1,Vegetables
2025-04-20,Wheat,Telangana,Hyderabad,42.41,21070.83,33.6,16.9,54.4,Summer,0,1,105.45,465.9,1300,365,2103,-2060.59,0,Vegetables
2025-01-09,Rice,Andhra Pradesh,Kurnool,283.74,6850.1,20.9,24.9,64.3,Rabi,0,0,92.18,414.0,2106,365,1431,-1147.26,0,Barley
2024-08-25,Wheat,Andhra Pradesh,Vijayawada,20.67,29962.91,38.6,49.1,74.1,Kharif,0,1,103.8,405.6,1253,365,2058,-2037.33,0,Rice
2024-11-14,Tomato,Karnataka,Mysuru,72.46,12171.74,26.0,0.5,30.3,Rabi,0,0,95.85,438.8,5000,5,1190,-1117.54,0,Chickpea
2024-12-09,Turmeric,Telangana,Warangal,180.38,7750.88,23.9,33.9,55.5,Rabi,0,0,90.1,373.9,3831,365,1218,-1037.62,0,Chickpea
2025-02-27,Turmeric,Maharashtra,Nashik,134.15,9286.26,24.8,36.8,64.8,Rabi,0,0,88.99,400.0,4689,365,1287,-1152.85,0,Mustard
2024-08-27,Onion,Andhra Pradesh,Nellore,99.7,9693.05,40.9,191.2,78.1,Kharif,0,0,95.86,426.4,5000,30,1055,-955.3,0,Groundnut
2024-12-13,Cabbage,Telangana,Khammam,15.0,25019.32,22.3,36.7,33.6,Rabi,0,0,99.13,386.8,5000,7,1070,-1055.0,0,Chickpea
2025-03-26,Onion,Telangana,Khammam,130.98,9454.26,31.4,23.3,45.3,Summer,0,0,100.76,419.2,5000,30,1281,-1150.02,0,Vegetables
2025-04-23,Wheat,Tamil Nadu,Madurai,31.15,21205.04,42.4,9.5,39.9,Summer,0,0,92.5,397.0,1466,365,1615,-1583.85,0,Cucumber
2025-05-08,Tomato,Tamil Nadu,Madurai,201.25,6969.69,35.5,1.4,27.1,Summer,0,0,108.7,446.1,5000,5,1166,-964.75,1,Vegetables
2025-05-13,Brinjal,Telangana,Hyderabad,103.35,11376.45,42.3,13.1,29.5,Summer,0,0,107.27,444.0,5000,5,1552,-1448.65,1,Watermelon
2025-01-13,Chilli,Maharashtra,Nagpur,94.66,11171.06,21.5,30.6,30.0,Rabi,0,0,97.16,407.1,1795,180,1352,-1257.34,0,Barley
2025-04-24,Turmeric,Karnataka,Tumakuru,167.87,9887.09,41.9,17.0,37.7,Summer,0,0,94.66,380.6,2491,365,1879,-1711.13,0,Cucumber
2024-11-02,Potato,Tamil Nadu,Salem,182.0,7783.59,24.5,36.1,58.2,Rabi,1,0,109.67,471.7,5000,60,1256,-1074.0,0,Wheat
2024-07-25,Potato,Tamil Nadu,Tiruppur,15.94,29593.13,37.9,50.1,86.2,Kharif,0,0,100.84,458.6,5000,60,1533,-1517.06,0,Maize
2024-12-01,Cabbage,Karnataka,Mysuru,473.56,5864.95,23.6,28.6,56.6,Rabi,0,1,90.26,382.2,5000,7,1760,-1286.44,0,Chickpea
2024-06-12,Turmeric,Karnataka,Bengaluru Urban,217.73,6515.42,38.0,103.1,91.8,Summer,0,0,103.28,447.1,5000,365,1008,-790.27,0,Watermelon
2025-03-17,Tomato,Maharashtra,Aurangabad,119.57,8945.1,22.3,13.8,41.7,Summer,0,0,109.53,480.4,5000,5,1041,-921.43,0,Vegetables
2024-10-25,Potato,Maharashtra,Nagpur,8.7,35193.41,33.3,49.3,86.4,Kharif,0,0,104.16,419.2,5000,60,1191,-1182.3,0,Rice
2024-09-21,Potato,Maharashtra,Nagpur,181.64,7243.36,37.9,167.1,76.9,Kharif,0,0,109.27,407.1,5000,60,1072,-890.36,0,Cotton
2025-05-14,Onion,Andhra Pradesh,Visakhapatnam,112.77,10588.97,39.6,7.9,29.0,Summer,0,0,107.04,408.8,5000,30,1365,-1252.23,0,Watermelon
2025-04-27,Tomato,Karnataka,Tumakuru,71.88,13007.91,41.1,15.9,32.5,Summer,0,1,101.75,427.6,5000,5,1352,-1280.12,1,Vegetables
2024-06-18,Cabbage,Karnataka,Bengaluru Rural,245.66,7998.71,36.7,80.1,84.3,Summer,0,0,96.9,365.3,5000,7,1700,-1454.34,1,Cucumber
2024-07-17,Wheat,Karnataka,Tumakuru,74.69,14345.97,37.6,79.8,57.3,Kharif,0,0,96.23,441.8,1244,365,1761,-1686.31,0,Cotton
2024-08-29,Potato,Telangana,Nizamabad,267.73,7945.45,38.5,38.2,66.1,Kharif,0,0,94.08,388.2,5000,60,1908,-1640.27,0,Cotton
2024-12-05,Brinjal,Maharashtra,Nagpur,107.22,9927.93,22.2,38.8,34.0,Rabi,0,0,96.88,425.5,5000,5,1219,-1111.78,0,Mustard
2024-08-24,Wheat,Tamil Nadu,Madurai,113.38,13893.51,30.9,106.9,65.7,Kharif,0,0,94.32,409.2,683,365,2391,-2277.62,0,Rice
2025-06-18,Chilli,Andhra Pradesh,Kurnool,64.59,12205.02,29.1,191.3,66.9,Summer,0,0,90.03,389.0,2450,180,1084,-1019.41,0,Vegetables
2024-07-09,Onion,Telangana,Khammam,304.78,7115.5,37.9,129.8,67.5,Kharif,0,0,93.96,402.7,5000,30,1696,-1391.22,0,Groundnut
2025-03-13,Chilli,Andhra Pradesh,Kurnool,79.66,11852.0,22.4,23.5,54.5,Summer,0,0,102.96,417.1,1949,180,1240,-1160.34,0,Cucumber
2024-06-08,Wheat,Maharashtra,Pune,13.67,37614.37,33.6,171.2,62.5,Summer,0,0,102.79,467.7,893,365,2139,-2125.33,0,Watermelon
2025-01-19,Chilli,Karnataka,Hassan,5.37,46834.46,21.1,29.9,62.0,Rabi,0,1,97.55,384.7,1902,180,1316,-1310.63,0,Mustard
2024-12-13,Chilli,Andhra Pradesh,Visakhapatnam,184.7,6970.87,27.7,9.7,55.0,Rabi,0,0,90.01,353.0,1843,180,998,-813.3,0,Wheat
2024-09-28,Maize,Andhra Pradesh,Nellore,24.31,19999.88,31.8,64.6,57.5,Kharif,0,0,98.1,429.3,4549,180,1085,-1060.69,0,Cotton
2025-03-15,Chilli,Maharashtra,Nashik,222.69,6961.39,31.2,21.8,37.0,Summer,0,0,101.57,442.4,1847,180,1148,-925.31,0,Vegetables
2025-04-28,Rice,Tamil Nadu,Madurai,131.04,10170.36,37.5,18.4,42.5,Summer,0,0,99.84,393.6,1183,365,1455,-1323.96,0,Watermelon
2025-04-29,Turmeric,Andhra Pradesh,Guntur,117.93,9977.15,40.6,5.0,46.2,Summer,0,0,97.41,400.8,2453,365,1278,-1160.07,0,Cucumber
2024-06-24,Tomato,Karnataka,Tumakuru,27.79,17914.77,34.2,23.9,67.0,Summer,0,0,99.06,371.8,5000,5,1013,-985.21,0,Watermelon
2024-07-30,Rice,Telangana,Nizamabad,50.2,13933.58,37.2,66.8,61.4,Kharif,0,0,91.53,346.7,3198,365,1092,-1041.8,0,Rice
2024-08-09,Turmeric,Tamil Nadu,Madurai,136.91,8113.56,39.4,143.3,59.4,Kharif,0,0,94.36,378.1,4653,365,1016,-879.09,0,Rice
2025-05-10,Brinjal,Tamil Nadu,Tiruppur,118.63,10570.27,42.9,15.8,34.2,Summer,0,0,108.1,484.1,5000,5,1497,-1378.37,1,Vegetables
2025-06-16,Onion,Tamil Nadu,Chennai,302.27,7603.41,41.2,177.7,59.1,Summer,0,0,96.64,408.0,5000,30,1913,-1610.73,0,Vegetables
2025-02-06,Cabbage,Tamil Nadu,Madurai,185.39,6610.2,30.3,29.9,45.4,Rabi,0,0,101.43,389.4,5000,7,972,-786.61,0,Wheat
2024-06-17,Chilli,Telangana,Khammam,57.86,12990.9,31.2,41.2,61.6,Summer,0,0,88.04,392.8,2549,180,1095,-1037.14,0,Vegetables
2025-01-14,Potato,Karnataka,Bengaluru Urban,28.64,22220.81,21.3,8.9,48.2,Rabi,1,0,101.37,396.9,5000,60,1540,-1511.36,0,Barley
2025-05-18,Chilli,Maharashtra,Nagpur,147.31,8759.31,35.6,19.2,43.5,Summer,0,1,100.25,408.3,934,180,1238,-1090.69,0,Cucumber
2024-07-02,Turmeric,Karnataka,Bengaluru Rural,32.79,17336.76,35.0,94.2,89.8,Kharif,0,0,101.89,424.5,4984,365,1107,-1074.21,0,Rice
2024-08-02,Maize,Andhra Pradesh,Visakhapatnam,185.76,7336.86,32.7,45.7,82.7,Kharif,0,0,92.54,379.2,4262,180,1117,-931.24,0,Rice
2024-09-17,Cabbage,Andhra Pradesh,Vijayawada,216.47,7855.22,39.1,32.4,74.0,Kharif,0,0,100.33,427.7,5000,7,1453,-1236.53,1,Groundnut
2024-11-18,Potato,Telangana,Nizamabad,53.8,13550.4,30.0,32.9,59.5,Rabi,0,0,98.67,395.4,5000,60,1074,-1020.2,0,Wheat
2024-09-14,Rice,Maharashtra,Nashik,316.58,5225.01,33.4,164.6,91.1,Kharif,0,0,92.48,349.7,3212,365,957,-640.4200000000001,0,Maize
2025-03-28,Potato,Telangana,Karimnagar,272.24,5780.22,31.6,2.7,52.7,Summer,0,0,89.63,367.5,5000,60,994,-721.76,0,Vegetables
2024-08-15,Cabbage,Andhra Pradesh,Krishna,113.56,9835.94,31.1,83.1,69.9,Kharif,0,0,89.51,366.5,5000,7,1270,-1156.44,0,Groundnut
2024-08-14,Onion,Maharashtra,Nagpur,22.15,22241.48,37.9,21.5,63.7,Kharif,0,0,102.56,422.5,5000,30,1218,-1195.85,0,Cotton
2024-08-29,Rice,Andhra Pradesh,Guntur,170.51,7636.38,38.9,155.3,87.1,Kharif,0,0,99.4,380.5,3351,365,1120,-949.49,0,Maize
2024-06-08,Chilli,Telangana,Nizamabad,152.44,8122.52,30.4,55.1,90.6,Summer,0,0,104.5,467.5,2488,180,1123,-970.56,0,Cucumber
2024-11-13,Tomato,Telangana,Karimnagar,45.27,14097.1,27.6,6.3,46.6,Rabi,0,0,103.76,407.5,5000,5,994,-948.73,0,Mustard
2024-06-27,Onion,Tamil Nadu,Tiruppur,106.13,10429.47,31.0,96.5,91.3,Summer,0,0,99.16,384.0,5000,30,1233,-1126.87,0,Cucumber
2024-07-29,Rice,Tamil Nadu,Salem,161.89,7430.5,39.1,69.0,82.7,Kharif,0,0,93.81,432.9,2706,365,1012,-850.11,0,Rice
2024-12-03,Brinjal,Maharashtra,Pune,164.16,7766.81,22.3,27.8,37.7,Rabi,0,0,101.1,397.7,5000,5,975,-810.84,0,Barley
2025-01-18,Brinjal,Telangana,Nizamabad,81.58,10564.22,21.1,28.0,42.9,Rabi,0,0,97.51,364.1,5000,5,974,-892.42,0,Chickpea
2024-06-23,Brinjal,Karnataka,Tumakuru,230.13,6920.31,28.5,140.0,67.9,Summer,0,1,107.75,477.1,5000,5,1237,-1006.87,0,Vegetables
2025-04-26,Tomato,Andhra Pradesh,Kurnool,81.09,11893.42,36.0,11.5,27.0,Summer,0,0,90.09,425.2,5000,5,1280,-1198.91,1,Vegetables
2024-12-23,Turmeric,Andhra Pradesh,Kurnool,154.82,8313.76,30.3,39.9,38.5,Rabi,0,0,88.89,368.1,3781,365,1195,-1040.18,0,Wheat
2025-05-31,Maize,Andhra Pradesh,Vijayawada,15.0,31443.94,35.8,0.3,47.9,Summer,0,0,101.72,444.6,2585,180,1645,-1630.0,0,Vegetables
2024-11-12,Cabbage,Telangana,Hyderabad,109.04,8713.98,26.8,25.0,60.3,Rabi,0,0,100.91,425.5,5000,7,941,-831.96,0,Wheat
2024-08-04,Wheat,Maharashtra,Solapur,116.5,15148.33,41.0,187.2,68.7,Kharif,0,1,99.61,387.7,1088,365,3000,-2883.5,0,Rice
2025-03-08,Chilli,Tamil Nadu,Tiruppur,54.37,14517.51,27.1,2.1,45.9,Summer,0,0,102.85,441.0,1968,180,1293,-1238.63,0,Vegetables
2025-02-27,Wheat,Tamil Nadu,Tiruppur,190.88,6802.92,28.4,25.9,39.6,Rabi,0,0,91.44,397.3,4669,365,996,-805.12,0,Wheat
2025-04-06,Turmeric,Andhra Pradesh,Visakhapatnam,164.89,8994.02,38.5,13.4,50.1,Summer,0,1,91.73,342.8,3299,365,1541,-1376.11,0,Watermelon
2024-07-29,Brinjal,Telangana,Khammam,133.92,8571.13,41.5,116.5,74.5,Kharif,0,0,96.84,372.8,5000,5,1074,-940.08,1,Rice
2025-01-18,Potato,Tamil Nadu,Madurai,239.23,6211.92,27.0,23.7,42.4,Rabi,0,0,89.14,334.8,5000,60,1124,-884.77,0,Barley
2025-01-19,Turmeric,Tamil Nadu,Chennai,217.6,7327.07,30.4,35.4,36.9,Rabi,0,1,104.22,410.6,4164,365,1386,-1168.4,0,Mustard
2024-11-08,Turmeric,Karnataka,Mysuru,253.53,6458.04,31.7,18.6,59.7,Rabi,0,0,89.37,363.0,4189,365,1186,-932.47,0,Mustard
2024-12-09,Onion,Tamil Nadu,Chennai,41.75,16441.07,20.9,8.4,38.0,Rabi,0,0,98.32,388.3,5000,30,1263,-1221.25,0,Mustard
2024-07-17,Rice,Andhra Pradesh,Kurnool,111.98,9617.88,41.6,156.7,93.7,Kharif,0,0,97.67,386.9,3263,365,1126,-1014.02,0,Rice
2024-07-20,Chilli,Telangana,Nizamabad,268.03,6393.62,31.6,84.0,82.0,Kharif,0,0,89.38,351.8,2117,180,1129,-860.97,0,Maize
2024-07-01,Cabbage,Maharashtra,Solapur,36.37,16021.27,40.1,47.9,58.3,Kharif,0,0,98.66,392.5,5000,7,1061,-1024.63,1,Groundnut
2024-11-16,Rice,Tamil Nadu,Madurai,112.46,9111.46,21.7,25.0,39.6,Rabi,0,0,98.73,373.0,2229,365,1070,-957.54,0,Chickpea
2025-05-07,Turmeric,Andhra Pradesh,Krishna,202.29,7889.69,33.7,8.4,38.8,Summer,0,0,103.95,435.5,3007,365,1287,-1084.71,0,Cucumber
2025-04-04,Wheat,Karnataka,Bengaluru Urban,77.67,16968.96,43.1,19.8,51.7,Summer,0,0,96.17,374.2,1184,365,2458,-2380.33,0,Watermelon
2025-03-23,Brinjal,Telangana,Warangal,229.92,7275.62,25.8,33.5,42.6,Summer,0,1,106.92,430.8,5000,5,1441,-1211.08,0,Watermelon
2025-05-03,Maize,Telangana,Hyderabad,177.63,8122.23,44.4,3.5,42.0,Summer,0,0,100.74,416.7,2553,180,1287,-1109.37,0,Watermelon
2024-11-27,Brinjal,Karnataka,Bengaluru Urban,76.62,12348.18,24.5,26.5,34.9,Rabi,0,0,100.56,388.6,5000,5,1367,-1290.38,0,Barley
2025-06-26,Wheat,Maharashtra,Nashik,93.73,13469.08,41.0,194.6,77.9,Summer,0,0,91.15,372.7,685,365,1888,-1794.27,0,Cucumber
2025-01-06,Brinjal,Maharashtra,Solapur,262.85,6760.24,26.7,33.8,57.9,Rabi,0,0,91.85,402.0,5000,5,1282,-1019.15,0,Chickpea
2025-05-12,Brinjal,Andhra Pradesh,Nellore,58.33,14719.7,33.0,17.4,48.8,Summer,0,0,101.8,443.8,5000,5,1441,-1382.67,0,Watermelon
2025-05-03,Wheat,Andhra Pradesh,Guntur,141.95,10609.51,34.1,9.7,52.6,Summer,0,0,88.88,357.3,980,365,1757,-1615.05,0,Cucumber
2024-10-18,Wheat,Karnataka,Mysuru,116.95,15237.91,38.6,47.8,74.5,Kharif,0,0,97.46,414.8,742,365,3000,-2883.05,0,Groundnut
2024-06-04,Onion,Telangana,Nizamabad,172.39,6693.71,39.6,50.7,56.2,Summer,0,0,92.5,374.4,5000,30,875,-702.61,0,Vegetables
2025-05-03,Turmeric,Andhra Pradesh,Guntur,22.01,19461.36,33.6,0.7,41.5,Summer,0,0,97.64,437.3,2680,365,912,-889.99,0,Watermelon
2025-06-15,Tomato,Andhra Pradesh,Visakhapatnam,128.73,9728.37,31.3,28.9,84.0,Summer,0,1,90.46,391.4,5000,5,1422,-1293.27,1,Cucumber
2025-02-27,Potato,Tamil Nadu,Salem,156.43,7705.89,29.0,5.0,57.0,Rabi,0,0,93.21,407.2,5000,60,1023,-866.5699999999999,0,Mustard
2025-01-19,Chilli,Telangana,Karimnagar,13.88,30326.53,20.8,0.8,58.9,Rabi,0,1,99.54,438.2,1759,180,1451,-1437.12,0,Mustard
2024-11-07,Chilli,Maharashtra,Solapur,255.19,6503.8,31.2,10.6,51.4,Rabi,0,0,102.93,408.8,1822,180,1247,-991.81,0,Mustard
2024-07-14,Tomato,Telangana,Warangal,31.12,20121.47,31.9,193.4,55.4,Kharif,0,1,103.75,446.7,5000,5,1385,-1353.88,0,Groundnut
2025-06-22,Cabbage,Andhra Pradesh,Visakhapatnam,290.1,6771.36,32.8,170.2,92.4,Summer,0,1,92.09,375.8,5000,7,1464,-1173.9,1,Cucumber
2024-07-12,Wheat,Tamil Nadu,Salem,88.37,13154.03,30.1,194.3,72.9,Kharif,0,0,99.03,388.8,788,365,1708,-1619.63,0,Groundnut
2025-02-04,Cabbage,Tamil Nadu,Salem,61.58,12482.08,30.9,32.7,56.5,Rabi,0,0,89.22,332.9,5000,7,1066,-1004.42,0,Wheat
2024-10-18,Potato,Maharashtra,Pune,55.72,16938.63,33.6,179.2,90.8,Kharif,0,0,108.0,426.2,5000,60,1770,-1714.28,0,Maize
2024-11-24,Turmeric,Andhra Pradesh,Krishna,105.23,11408.71,25.2,33.2,34.2,Rabi,0,1,104.17,432.4,3189,365,1546,-1440.77,0,Wheat
2025-05-14,Cabbage,Tamil Nadu,Tiruppur,172.56,9500.51,40.2,8.7,29.9,Summer,0,0,90.56,386.2,5000,7,1627,-1454.44,1,Vegetables
2025-05-08,Wheat,Andhra Pradesh,Guntur,52.73,17364.27,42.9,11.3,44.7,Summer,0,0,107.76,433.1,1163,365,1771,-1718.27,0,Cucumber
2024-12-20,Cabbage,Andhra Pradesh,Vijayawada,202.9,6895.42,26.9,18.6,34.2,Rabi,0,0,109.57,422.8,5000,7,1094,-891.1,0,Barley
2024-09-13,Wheat,Telangana,Warangal,109.9,13423.03,35.5,38.6,61.9,Kharif,0,0,100.5,398.4,500,365,2136,-2026.1,0,Cotton
2025-06-27,Wheat,Karnataka,Mysuru,68.41,19469.23,28.7,29.5,82.7,Summer,0,0,98.07,383.6,1096,365,2875,-2806.59,0,Watermelon
2024-08-01,Tomato,Tamil Nadu,Salem,111.99,8915.65,39.5,105.9,69.0,Kharif,0,0,95.98,428.4,5000,5,1015,-903.01,1,Cotton
2024-08-29,Onion,Tamil Nadu,Tiruppur,110.53,11229.87,39.8,59.8,70.2,Kharif,0,0,105.78,464.4,5000,30,1510,-1399.47,0,Cotton
2025-05-27,Potato,Maharashtra,Solapur,154.94,8605.49,39.4,0.7,39.3,Summer,0,0,96.97,373.9,5000,60,1369,-1214.06,0,Watermelon
2025-05-09,Chilli,Andhra Pradesh,Kurnool,25.17,22374.48,41.6,1.4,37.5,Summer,0,0,90.56,392.1,1497,180,1394,-1368.83,0,Vegetables
2025-06-15,Tomato,Tamil Nadu,Chennai,114.86,11662.53,33.6,170.1,87.6,Summer,0,1,101.46,408.7,5000,5,1747,-1632.14,1,Cucumber
2025-01-22,Rice,Karnataka,Hassan,259.02,7077.2,25.0,27.0,53.0,Rabi,0,0,89.54,369.0,1913,365,1325,-1065.98,0,Barley
2025-01-06,Cabbage,Tamil Nadu,Salem,287.03,6158.22,22.0,35.2,49.5,Rabi,0,0,93.09,391.0,5000,7,1239,-951.97,0,Mustard
2024-10-27,Rice,Tamil Nadu,Chennai,208.5,7361.88,36.8,92.6,85.1,Kharif,0,1,99.69,429.9,2874,365,1225,-1016.5,0,Groundnut
2024-11-14,Onion,Maharashtra,Aurangabad,94.91,10447.67,26.5,33.8,45.1,Rabi,0,0,96.34,439.5,5000,30,1276,-1181.09,0,Mustard
2025-05-20,Chilli,Andhra Pradesh,Kurnool,74.91,12133.05,39.2,6.2,42.2,Summer,0,0,95.15,356.6,1262,180,1220,-1145.09,0,Vegetables
2024-07-25,Potato,Tamil Nadu,Tiruppur,8.82,36654.84,41.3,92.0,86.3,Kharif,0,0,93.85,437.6,5000,60,1322,-1313.18,0,Cotton
2024-12-23,Brinjal,Andhra Pradesh,Kurnool,216.07,7142.73,28.3,4.8,62.8,Rabi,0,0,91.99,398.0,5000,5,1264,-1047.93,0,Barley
2024-11-06,Chilli,Telangana,Karimnagar,120.97,10285.93,22.1,16.7,56.5,Rabi,0,0,107.76,404.7,2210,180,1368,-1247.03,0,Mustard
2024-08-26,Rice,Maharashtra,Pune,313.42,5645.52,30.3,62.1,55.9,Kharif,0,0,106.37,480.0,2873,365,1141,-827.5799999999999,0,Maize
2025-02-27,Brinjal,Telangana,Karimnagar,123.94,9020.47,20.6,1.6,50.1,Rabi,0,0,96.64,360.8,5000,5,1072,-948.06,0,Barley
2024-11-27,Onion,Telangana,Hyderabad,326.1,6070.81,27.1,15.9,64.1,Rabi,0,0,99.97,394.7,5000,30,1418,-1091.9,0,Barley
2024-08-14,Wheat,Telangana,Warangal,27.96,31062.95,28.7,96.7,88.3,Kharif,0,0,105.72,410.2,867,365,3000,-2972.04,0,Cotton
2025-04-05,Onion,Andhra Pradesh,Guntur,121.88,9240.96,37.0,17.4,27.5,Summer,0,0,92.64,412.0,5000,30,1164,-1042.12,0,Watermelon
2025-04-18,Maize,Tamil Nadu,Tiruppur,45.86,17634.63,39.4,3.2,42.2,Summer,0,0,105.72,458.4,2289,180,1561,-1515.14,0,Watermelon
2025-06-25,Cabbage,Tamil Nadu,Tiruppur,34.76,15316.61,33.1,93.5,82.2,Summer,0,0,89.25,335.5,5000,7,909,-874.24,1,Watermelon
2025-04-26,Cabbage,Karnataka,Mysuru,45.57,15841.32,43.6,17.9,33.9,Summer,0,0,93.06,382.7,5000,7,1278,-1232.43,1,Watermelon
2024-08-17,Maize,Andhra Pradesh,Kurnool,71.27,11697.3,37.4,168.4,70.9,Kharif,0,0,91.44,406.5,3800,180,1128,-1056.73,0,Maize
2025-01-13,Wheat,Karnataka,Hassan,137.66,7389.83,30.4,11.6,46.4,Rabi,0,0,101.63,412.7,4714,365,864,-726.34,0,Mustard
2024-06-29,Chilli,Maharashtra,Pune,7.53,33962.24,39.9,56.3,92.4,Summer,0,0,103.16,455.2,2259,180,946,-938.47,0,Vegetables
2024-11-06,Maize,Tamil Nadu,Chennai,264.46,6791.34,29.2,10.1,60.3,Rabi,0,0,90.26,347.2,3465,180,1340,-1075.54,0,Wheat
2024-06-30,Chilli,Karnataka,Bengaluru Urban,123.55,10541.16,32.5,141.8,78.8,Summer,0,1,101.27,435.9,2566,180,1486,-1362.45,0,Vegetables
2025-04-27,Rice,Maharashtra,Solapur,14.74,30665.28,41.3,4.7,43.8,Summer,0,1,104.44,405.2,1321,365,1557,-1542.26,0,Vegetables
2025-02-15,Turmeric,Tamil Nadu,Tiruppur,128.05,9328.46,30.2,1.8,55.7,Rabi,0,0,95.51,397.4,4290,365,1186,-1057.95,0,Chickpea
2025-03-11,Tomato,Tamil Nadu,Tiruppur,13.91,25730.08,26.6,7.0,40.4,Summer,0,0,102.6,466.0,5000,5,1012,-998.09,0,Watermelon
2025-04-30,Potato,Karnataka,Hassan,97.46,11081.83,39.8,10.0,27.1,Summer,0,0,89.98,389.0,5000,60,1324,-1226.54,0,Cucumber
2025-01-30,Brinjal,Telangana,Hyderabad,265.88,7226.47,23.5,21.0,54.4,Rabi,0,0,107.81,468.6,5000,5,1374,-1108.12,0,Barley
2025-01-17,Rice,Karnataka,Bengaluru Urban,7.83,36296.81,23.5,0.0,39.5,Rabi,0,0,92.79,404.3,2434,365,1136,-1128.17,0,Mustard
2025-02-14,Onion,Andhra Pradesh,Guntur,210.25,6547.84,28.0,22.3,42.0,Rabi,0,0,90.96,346.9,5000,30,1005,-794.75,0,Wheat
2025-05-29,Maize,Tamil Nadu,Tiruppur,8.01,42966.4,34.2,8.0,46.9,Summer,0,0,105.16,398.7,2185,180,1650,-1641.99,0,Watermelon
2025-02-23,Cabbage,Telangana,Karimnagar,106.56,10769.63,31.5,22.6,48.0,Rabi,0,1,89.87,383.9,5000,7,1360,-1253.44,0,Mustard
2024-12-08,Wheat,Tamil Nadu,Salem,170.0,8478.66,22.9,3.8,41.0,Rabi,0,1,90.13,351.4,4582,365,1320,-1150.0,0,Barley
2024-11-21,Cabbage,Andhra Pradesh,Visakhapatnam,89.18,10092.38,23.9,12.2,44.1,Rabi,0,0,102.8,441.2,5000,7,988,-898.8199999999999,0,Chickpea
2025-04-28,Chilli,Andhra Pradesh,Krishna,200.59,7865.88,34.5,11.6,45.8,Summer,0,0,103.41,449.7,1617,180,1277,-1076.41,0,Watermelon
2024-07-19,Brinjal,Tamil Nadu,Madurai,48.43,13825.44,28.4,71.2,72.7,Kharif,0,0,101.58,452.0,5000,5,1014,-965.57,0,Cotton
2024-10-08,Cabbage,Telangana,Karimnagar,59.16,13561.52,36.2,117.4,58.4,Kharif,0,0,89.25,341.9,5000,7,1161,-1101.84,1,Cotton
2024-07-12,Cabbage,Telangana,Karimnagar,148.82,8636.65,28.6,109.7,82.6,Kharif,0,0,93.55,375.1,5000,7,1242,-1093.18,1,Maize
2024-11-06,Turmeric,Telangana,Nizamabad,320.4,6637.74,24.4,25.6,46.3,Rabi,0,0,92.18,405.8,4414,365,1528,-1207.6,0,Mustard
2025-05-29,Rice,Karnataka,Hassan,182.48,8545.27,41.1,7.9,47.7,Summer,0,0,97.99,400.1,1120,365,1392,-1209.52,0,Vegetables
2024-12-10,Chilli,Telangana,Nizamabad,258.88,6660.28,27.0,38.8,43.2,Rabi,0,0,89.36,363.3,2004,180,1289,-1030.12,0,Barley
2024-07-18,Turmeric,Maharashtra,Nagpur,162.48,8424.59,29.6,179.0,71.6,Kharif,0,0,96.52,417.2,5000,365,1326,-1163.52,0,Rice
2024-06-10,Chilli,Karnataka,Bengaluru Rural,135.99,7334.55,39.4,189.3,81.0,Summer,0,0,109.0,415.1,2092,180,807,-671.01,0,Watermelon
2024-09-18,Chilli,Tamil Nadu,Coimbatore,24.5,22592.54,29.8,90.5,61.5,Kharif,0,0,104.16,403.4,2633,180,1384,-1359.5,0,Groundnut
2024-09-24,Onion,Telangana,Hyderabad,245.58,6182.72,40.2,123.9,68.8,Kharif,0,0,105.67,438.5,5000,30,1089,-843.42,0,Groundnut
2024-10-30,Rice,Maharashtra,Solapur,338.61,5852.49,30.0,47.3,72.3,Kharif,0,0,101.1,381.1,3126,365,1294,-955.39,0,Maize
2025-06-14,Brinjal,Andhra Pradesh,Visakhapatnam,310.82,6239.69,39.6,34.4,74.1,Summer,0,0,101.86,451.1,5000,5,1334,-1023.18,1,Watermelon
2024-11-20,Cabbage,Telangana,Nizamabad,482.34,5439.96,27.0,37.4,53.5,Rabi,0,0,98.59,437.9,5000,7,1614,-1131.66,0,Barley
2024-12-10,Onion,Telangana,Warangal,82.58,10962.11,25.3,25.8,43.3,Rabi,0,0,89.2,386.2,5000,30,1128,-1045.42,0,Barley
2025-05-21,Cabbage,Telangana,Khammam,131.53,10312.4,42.8,16.5,42.6,Summer,0,0,95.77,427.2,5000,7,1584,-1452.47,1,Cucumber
2024-06-23,Turmeric,Karnataka,Bengaluru Rural,227.48,7198.95,39.0,127.7,71.6,Summer,0,1,109.07,450.4,5000,365,1317,-1089.52,0,Watermelon
2025-01-14,Cabbage,Karnataka,Tumakuru,183.48,7905.36,20.7,24.2,56.7,Rabi,1,0,99.51,388.7,5000,7,1305,-1121.52,0,Chickpea
2024-09-28,Brinjal,Telangana,Karimnagar,162.33,8309.4,30.3,53.2,63.1,Kharif,0,0,96.51,362.4,5000,5,1204,-1041.67,0,Maize
2025-01-27,Potato,Karnataka,Hassan,156.5,8562.25,21.7,20.2,32.2,Rabi,0,0,89.57,385.1,5000,60,1237,-1080.5,0,Barley
2025-01-12,Maize,Karnataka,Tumakuru,16.6,25626.87,31.5,1.9,33.4,Rabi,0,1,88.97,348.1,3359,180,1208,-1191.4,0,Chickpea
2025-02-13,Brinjal,Tamil Nadu,Coimbatore,110.65,9394.8,22.0,5.1,34.3,Rabi,0,0,99.41,390.1,5000,5,1075,-964.35,0,Chickpea
2024-09-11,Cabbage,Telangana,Karimnagar,12.56,43614.69,29.1,20.8,81.8,Kharif,0,0,102.12,414.4,5000,7,2664,-2651.44,1,Maize
2024-06-27,Maize,Karnataka,Hassan,145.17,8195.38,29.4,192.2,79.0,Summer,0,0,104.03,412.5,4086,180,1147,-1001.83,0,Vegetables
2024-07-23,Brinjal,Andhra Pradesh,Krishna,259.4,6604.43,30.5,163.6,82.1,Kharif,0,0,100.03,412.9,5000,5,1346,-1086.6,1,Maize
2024-07-13,Onion,Karnataka,Tumakuru,216.68,7010.49,31.1,91.9,71.4,Kharif,0,0,109.52,419.6,5000,30,1162,-945.32,0,Cotton
2025-02-18,Onion,Tamil Nadu,Chennai,38.89,16461.61,25.0,23.1,59.1,Rabi,0,0,105.69,467.9,5000,30,1208,-1169.11,0,Barley
2024-09-22,Maize,Karnataka,Bengaluru Urban,146.18,9181.09,33.6,113.5,94.9,Kharif,0,1,90.97,399.2,3996,180,1337,-1190.82,0,Groundnut
2024-12-30,Tomato,Tamil Nadu,Tiruppur,187.41,8658.73,28.0,19.4,44.6,Rabi,0,0,95.87,409.0,5000,5,1630,-1442.59,0,Mustard
2024-12-09,Potato,Tamil Nadu,Chennai,155.93,7068.9,22.5,29.7,30.9,Rabi,0,0,95.81,425.6,5000,60,850,-694.0699999999999,0,Wheat
2024-12-09,Potato,Andhra Pradesh,Krishna,117.06,9423.9,26.8,31.8,55.7,Rabi,0,0,101.42,418.9,5000,60,1186,-1068.94,0,Barley
2024-07-21,Chilli,Telangana,Warangal,9.29,32551.32,32.0,21.2,74.8,Kharif,0,1,94.28,416.1,2328,180,1097,-1087.71,0,Cotton
2024-06-20,Wheat,Tamil Nadu,Coimbatore,105.1,13065.75,30.4,104.9,58.7,Summer,0,0,101.77,425.7,500,365,1986,-1880.9,0,Watermelon
2025-06-24,Maize,Tamil Nadu,Tiruppur,230.45,6659.69,40.5,127.5,87.4,Summer,0,0,97.45,428.6,3755,180,1096,-865.55,0,Watermelon
2024-06-03,Rice,Andhra Pradesh,Krishna,223.86,7194.8,31.8,55.8,64.9,Summer,0,0,94.74,401.6,3466,365,1223,-999.14,0,Watermelon
2024-09-19,Onion,Maharashtra,Solapur,229.98,8584.29,31.0,71.0,71.0,Kharif,0,0,105.86,391.8,5000,30,1809,-1579.02,0,Maize
2025-02-26,Turmeric,Andhra Pradesh,Krishna,129.35,8258.81,31.2,0.8,35.4,Rabi,0,0,107.5,437.5,4389,365,967,-837.65,0,Mustard
2024-09-30,Wheat,Andhra Pradesh,Vijayawada,27.34,24639.9,40.3,28.9,64.2,Kharif,0,0,107.74,420.1,1515,365,1868,-1840.66,0,Maize
2024-10-01,Turmeric,Maharashtra,Aurangabad,79.38,11142.94,31.3,156.4,85.4,Kharif,0,0,94.88,389.0,5000,365,1140,-1060.62,0,Maize
2024-07-03,Rice,Tamil Nadu,Tiruppur,184.92,7497.5,37.7,193.8,70.7,Kharif,0,0,90.88,398.5,2657,365,1126,-941.08,0,Groundnut
2025-03-02,Tomato,Maharashtra,Solapur,84.4,12773.58,26.1,12.5,45.0,Summer,0,1,102.19,444.7,5000,5,1493,-1408.6,0,Vegetables
2024-10-02,Onion,Karnataka,Tumakuru,68.95,15039.41,40.7,86.6,85.1,Kharif,1,0,107.73,473.2,5000,30,1771,-1702.05,0,Groundnut
2024-06-01,Cabbage,Karnataka,Bengaluru Rural,210.62,7024.31,32.7,31.2,74.4,Summer,0,0,90.4,358.8,5000,7,1166,-955.38,0,Cucumber
2025-03-20,Turmeric,Telangana,Hyderabad,185.71,7364.31,30.3,30.6,35.1,Summer,0,0,103.19,466.2,4053,365,1136,-950.29,0,Cucumber
2025-02-24,Chilli,Andhra Pradesh,Nellore,200.38,7638.33,27.7,20.4,34.2,Rabi,0,0,94.87,424.3,2068,180,1274,-1073.62,0,Wheat
2025-03-06,Brinjal,Maharashtra,Solapur,223.88,6803.41,31.3,12.5,60.0,Summer,0,0,90.9,401.6,5000,5,1164,-940.12,0,Cucumber
2024-06-11,Turmeric,Tamil Nadu,Chennai,65.57,12718.98,40.2,50.4,57.1,Summer,0,0,103.78,426.0,5000,365,1180,-1114.43,0,Vegetables
2025-04-22,Turmeric,Karnataka,Mysuru,149.68,8697.62,35.3,14.4,40.3,Summer,0,0,101.29,416.0,2940,365,1308,-1158.32,0,Vegetables
2025-06-18,Tomato,Karnataka,Bengaluru Urban,42.04,16153.65,29.5,171.0,81.8,Summer,0,0,103.33,414.3,5000,5,1185,-1142.96,1,Watermelon
2024-11-24,Potato,Andhra Pradesh,Nellore,71.34,12772.97,20.6,38.5,53.8,Rabi,0,1,101.89,401.0,5000,60,1310,-1238.66,0,Barley
2025-06-12,Chilli,Telangana,Hyderabad,121.41,9223.92,38.9,90.8,60.6,Summer,0,0,88.24,377.8,2244,180,1193,-1071.59,0,Cucumber
2024-11-28,Brinjal,Karnataka,Bengaluru Rural,383.38,6532.54,25.3,35.2,47.7,Rabi,0,0,99.17,379.5,5000,5,2004,-1620.62,0,Wheat
2025-05-17,Maize,Tamil Nadu,Coimbatore,178.71,8125.8,41.0,11.9,37.5,Summer,0,0,97.29,431.2,2280,180,1218,-1039.29,0,Cucumber
2024-08-09,Rice,Tamil Nadu,Chennai,358.49,5866.28,31.6,155.4,75.5,Kharif,0,0,95.06,406.4,3198,365,1254,-895.51,0,Groundnut
2024-10-29,Potato,Andhra Pradesh,Guntur,38.15,17192.81,32.8,29.9,63.2,Kharif,0,0,97.21,380.0,5000,60,1284,-1245.85,0,Maize
2024-06-22,Chilli,Karnataka,Hassan,207.12,7092.98,34.0,41.4,75.5,Summer,0,0,95.67,388.6,2083,180,1172,-964.88,0,Cucumber
2024-12-21,Brinjal,Tamil Nadu,Madurai,241.71,6874.97,20.4,39.8,38.1,Rabi,0,0,89.18,349.2,5000,5,1165,-923.29,0,Chickpea
2024-06-19,Potato,Karnataka,Mysuru,213.42,11004.35,37.5,111.6,89.5,Summer,0,0,107.05,395.6,5000,60,2849,-2635.58,0,Vegetables
2024-06-25,Chilli,Karnataka,Bengaluru Urban,117.64,9405.35,34.8,197.6,85.2,Summer,0,0,93.47,395.6,2087,180,1186,-1068.36,0,Watermelon
2024-12-06,Turmeric,Tamil Nadu,Salem,66.51,13415.48,24.0,33.1,30.0,Rabi,0,0,94.77,373.4,3253,365,1358,-1291.49,0,Chickpea
2024-12-15,Chilli,Telangana,Khammam,286.25,6624.43,25.0,15.1,60.7,Rabi,0,1,107.92,442.1,1938,180,1434,-1147.75,0,Mustard
2025-05-21,Maize,Karnataka,Hassan,174.99,8792.64,36.6,6.4,29.9,Summer,0,0,105.23,399.3,2513,180,1516,-1341.01,0,Cucumber
2024-10-15,Rice,Tamil Nadu,Chennai,235.84,6485.23,29.1,192.0,64.9,Kharif,0,0,106.91,409.4,3017,365,1046,-810.16,0,Maize
2025-01-07,Cabbage,Telangana,Nizamabad,47.47,14500.36,23.4,11.6,43.2,Rabi,0,0,96.65,407.3,5000,7,1121,-1073.53,0,Mustard
2024-10-29,Chilli,Andhra Pradesh,Vijayawada,33.88,16822.59,32.3,110.6,86.9,Kharif,0,0,104.27,443.0,1961,180,1045,-1011.12,0,Rice
2024-11-15,Wheat,Karnataka,Tumakuru,18.6,25344.52,20.5,11.0,63.4,Rabi,1,0,108.98,433.1,4381,365,1326,-1307.4,0,Chickpea
2025-04-05,Turmeric,Telangana,Khammam,63.64,12707.0,44.4,2.8,47.9,Summer,0,0,90.39,424.7,2446,365,1134,-1070.36,0,Watermelon
2024-11-27,Maize,Andhra Pradesh,Visakhapatnam,219.1,6933.85,21.8,37.5,62.1,Rabi,0,0,107.52,452.6,3079,180,1163,-943.9,0,Barley
2024-11-28,Cabbage,Tamil Nadu,Madurai,57.23,13256.4,23.8,25.4,42.5,Rabi,0,0,91.27,393.1,5000,7,1122,-1064.77,0,Mustard
2025-04-24,Tomato,Andhra Pradesh,Visakhapatnam,258.0,6891.77,36.6,12.9,43.0,Summer,0,0,103.31,414.2,5000,5,1388,-1130.0,1,Watermelon
